{"cameraMode":{"drawMode":0,"name":"Shaded","section":"Shading Mode"},"sceneLighting":true,"audioPlay":false,"sceneViewState":{"showFog":true,"showMaterialUpdate":false,"showSkybox":true,"showFlares":true,"showImageEffects":true,"showParticleSystems":true},"in2DMode":false,"pivot":{"x":-0.6550989151000977,"y":-0.26246023178100588,"z":0.9383854866027832},"rotation":{"x":-0.10505028814077378,"y":0.8734184503555298,"z":-0.21680662035942079,"w":-0.42320168018341067},"size":10.365612983703614,"orthographic":false}